"TO Code:n","TO Name"
"TOT_0001","XXX"
"TOT_0002","XXX"
"TOT_0003","XXX"
"TOT_0004","XXX"
"TOT_0006","XXX"
"TOT_0007","XXX"
"TOT_0008","XXX"
"TOT_0009","XXX"
"TOT_0012","XXX"
"TOT_0013","XXX"
"TOT_0014","XXX"
"TOT_0015","XXX"
"TOT_0016","XXX"
"TOT_0017","XXX"
"TOT_0018","XXX"
"TOT_0020","XXX"
"TOT_0021","XXX"
"TOT_0022","XXX"
"TOT_0023","XXX"
"TOT_0024","XXX"
"TOT_0025","XXX"
"TOT_0027","XXX"
"TOT_0028","XXX"
"TOT_0029","XXX"
"TOT_0030","XXX"
"TOT_0032","XXX"
"TOT_0033","XXX"
"TOT_0034","XXX"
"TOT_0035","XXX"
"TOT_0036","XXX"
"TOT_0037","XXX"
"TOT_0038","XXX"
"TOT_0039","XXX"
"TOT_0040","XXX"
"TOT_0043","XXX"
"TOT_0044","XXX"
"TOT_0045","XXX"
"TOT_0047","XXX"
"TOT_0048","XXX"
"TOT_0049","XXX"
"TOT_0050","XXX"
"TOT_0051","XXX"
"TOT_0052","XXX"
"TOT_0053","XXX"
"TOT_0054","XXX"
"TOT_0055","XXX"
"TOT_0057","XXX"
"TOT_0058","XXX"
"TOT_0059","XXX"
"TOT_0060","XXX"
"TOT_0061","XXX"
"TOT_0063","XXX"
"TOT_0064","XXX"
"TOT_0065","XXX"
"TOT_0066","XXX"
"TOT_0067","XXX"
"TOT_0068","XXX"
"TOT_0069","XXX"
"TOT_0070","XXX"
"TOT_0071","XXX"
"TOT_0072","XXX"
"TOT_0073","XXX"
"TOT_0074","XXX"
"TOT_0075","XXX"
"TOT_0076","XXX"
"TOT_0077","XXX"
"TOT_0078","XXX"
"TOT_0079","XXX"
"TOT_0080","XXX"
"TOT_0081","XXX"
"TOT_0083","XXX"
"TOT_0084","XXX"
"TOT_0088","XXX"
"TOT_0089","XXX"
"TOT_0090","XXX"
"TOT_0091","XXX"
"TOT_0092","XXX"
"TOT_0093","XXX"
"TOT_0094","XXX"
"TOT_0095","XXX"
"TOT_0096","XXX"
"TOT_0097","XXX"
"TOT_0098","XXX"
"TOT_0099","XXX"
"TOT_0100","XXX"
"TOT_0101","XXX"
"TOT_0102","XXX"
"TOT_0103","XXX"
"TOT_0104","XXX"
"TOT_0105","XXX"
"TOT_0106","XXX"
"TOT_0107","XXX"
"TOT_0108","XXX"
"TOT_0109","XXX"
"TOT_0110","XXX"
"TOT_0111","XXX"
"TOT_0112","XXX"
"TOT_0113","XXX"
"TOT_0114","XXX"
"TOT_0115","XXX"
"TOT_0116","XXX"
"TOT_0117","XXX"
"TOT_0118","XXX"
"TOT_0119","XXX"
"TOT_0120","XXX"
"TOT_0121","XXX"
"TOT_0122","XXX"
"TOT_0123","XXX"
"TOT_0124","XXX"
"TOT_0125","XXX"
"TOT_0126","XXX"
"TOT_0127","XXX"
"TOT_0128","XXX"
"TOT_0129","XXX"
"TOT_0130","XXX"
"TOT_0131","XXX"
"TOT_0132","XXX"
"TOT_0133","XXX"
"TOT_0134","XXX"
"TOT_0136","XXX"
"TOT_0137","XXX"
"TOT_0139","XXX"
"TOT_0140","XXX"
"TOT_0141","XXX"
"TOT_0142","XXX"
"TOT_0143","XXX"
"TOT_0144","XXX"
"TOT_0146","XXX"
"TOT_0147","XXX"
"TOT_0148","XXX"
"TOT_0149","XXX"
"TOT_0150","XXX"
"TOT_0151","XXX"
"TOT_0152","XXX"
"TOT_0153","XXX"
"TOT_0154","XXX"
"TOT_0155","XXX"
"TOT_0156","XXX"
"TOT_0157","XXX"
"TOT_0158","XXX"
"TOT_0159","XXX"
"TOT_0160","XXX"
"TOT_0161","XXX"
"TOT_0162","XXX"
"TOT_0163","XXX"
"TOT_0164","XXX"
"TOT_0165","XXX"
"TOT_0166","XXX"
"TOT_0167","XXX"
"TOT_0168","XXX"
"TOT_0169","XXX"
"TOT_0170","XXX"
"TOT_0171","XXX"
"TOT_0172","XXX"
"TOT_0173","XXX"
"TOT_0174","XXX"
"TOT_0179","XXX"
"TOT_0180","XXX"
"TOT_0182","XXX"
"TOT_0184","XXX"
"TOT_0186","XXX"
"TOT_0189","XXX"
"TOT_0190","XXX"
"TOT_0191","XXX"
"TOT_0192","XXX"
"TOT_0193","XXX"
"TOT_0194","XXX"
"TOT_0195","XXX"
"TOT_0196","XXX"
"TOT_0197","XXX"
"TOT_0198","XXX"
"TOT_0199","XXX"
"TOT_0200","XXX"
"TOT_0201","XXX"
"TOT_0202","XXX"
"TOT_0203","XXX"
"TOT_0204","XXX"
"TOT_0205","XXX"
"TOT_0206","XXX"
"TOT_0207","XXX"
"TOT_0208","XXX"
"TOT_0209","XXX"
"TOT_0210","XXX"
"TOT_0211","XXX"
"TOT_0212","XXX"
"TOT_0213","XXX"
"TOT_0214","XXX"
"TOT_0215","XXX"
"TOT_0216","XXX"
"TOT_0217","XXX"
"TOT_0218","XXX"
"TOT_0219","XXX"
"TOT_0220","XXX"
"TOT_0221","XXX"
"TOT_0222","XXX"
"TOT_0223","XXX"
"TOT_0224","XXX"
"TOT_0225","XXX"
"TOT_0226","XXX"
"TOT_0227","XXX"
"TOT_0228","XXX"
"TOT_0229","XXX"
"TOT_0231","XXX"
"TOT_0232","XXX"
"TOT_0233","XXX"
"TOT_0234","XXX"
"TOT_0235","XXX"
"TOT_0236","XXX"
"TOT_0237","XXX"
"TOT_0238","XXX"
"TOT_0239","XXX"
"TOT_0240","XXX"
"TOT_0241","XXX"
"TOT_0242","XXX"
"TOT_0243","XXX"
"TOT_0246","XXX"
"TOT_0247","XXX"
"TOT_0248","XXX"
"TOT_0249","XXX"
"TOT_0250","XXX"
"TOT_0251","XXX"
"TOT_0252","XXX"
"TOT_0253","XXX"
"TOT_0254","XXX"
"TOT_0255","XXX"
"TOT_0256","XXX"
"TOT_0257","XXX"
"TOT_0258","XXX"
"TOT_0260","XXX"
"TOT_0261","XXX"
"TOT_0262","XXX"
"TOT_0263","XXX"
"TOT_0264","XXX"
"T","233","19-10-2017"
